dataset_id	recommendation	current_status	title	producer	license	files	sampled_files	inspected_units	signals	rationale
611621ef015cc1e65f3c91cc	APPROVE	REVIEW_REQUIRED	Population annuelle par communes de la Métropole de Lyon	Métropole de Lyon	lov2	1	1	0		aucun signal direct dans les noms et échantillons inspectés
611621f37e10d43b662b5c64	APPROVE	REVIEW_PERSONAL_DATA	Annuaire alimentation et précarité étudiante dans la Métropole de Lyon	Métropole de Lyon	lov2	1	1	0		aucun signal direct dans les noms et échantillons inspectés
6128640090a161c05046ea4e	APPROVE	REVIEW_REQUIRED	Indicateur Annualisé Gaz Renouvelable des territoires - périmètre national	Open Data Réseaux Énergies	lov2	4	4	3		aucun signal direct dans les noms et échantillons inspectés
612da9f23e803252b4ef6a5a	HOLD	REVIEW_REQUIRED	Référentiel géographique - Cadastre - Données Bâtiments - Grand Poitiers Données de référence	Grand Poitiers Open Data	lov2	3	3	3	contact,phone	signal direct à examiner : contact,phone
6132b8007c4562a7d32bd965	APPROVE	REVIEW_PERSONAL_DATA	Plan de relance - Industrie du futur : nombre de bénéficiaires et montants par département	France Relance 	lov2	2	2	2		aucun signal direct dans les noms et échantillons inspectés
61488c8c6c3e156d4c83f979	HOLD	REVIEW_REQUIRED	Plan IGN	Institut national de l'information géographique et forestière	lov2	5	5	5	contact,phone	signal direct à examiner : contact,phone
61489083dc4223219e50cc35	HOLD	REVIEW_REQUIRED	BD TOPO®	Institut national de l'information géographique et forestière	lov2	143	20	18	address,contact,partial_file_sample,phone	signal direct à examiner : address,contact,partial_file_sample,phone
61489e33b77d1697d00d2fec	HOLD	REVIEW_REQUIRED	Iris...GE	Institut national de l'information géographique et forestière	lov2	5	5	5	address,contact,phone	signal direct à examiner : address,contact,phone
61489ec3e64c7f138f1b2e13	HOLD	REVIEW_REQUIRED	OCS GE	Institut national de l'information géographique et forestière	lov2	16	16	14	contact,phone	signal direct à examiner : contact,phone
6149925a2ff0ab6cebdd6fe8	HOLD	REVIEW_REQUIRED	Indice de la qualité de l'air quotidien par commune - indice ATMO	Atmo France	odc-odbl	4	4	3	address,contact,phone	signal direct à examiner : address,contact,phone
6149a5b090f7deb2468619cd	APPROVE	REVIEW_PERSONAL_DATA	Sirènes du Système d'Alerte et d'informations aux populations (SAIP) à Antibes Juan-les-Pins	Ville d'Antibes	lov2	2	2	1		aucun signal direct dans les noms et échantillons inspectés
614adde800eeb2f8ac95be12	HOLD	REVIEW_PERSONAL_DATA	Que faire de mes déchets - Produits	ADEME	lov2	2	2	2	address,contact,email,phone	signal direct à examiner : address,contact,email,phone
614b3fb671e1083ae45effd7	HOLD	REVIEW_PERSONAL_DATA	Base sur la qualité et la sécurité des soins (anciennement Scope Santé)	Haute Autorité de santé	lov2	12	12	32	address,contact,phone	signal direct à examiner : address,contact,phone
6152d0adef276056de55cbfe	APPROVE	REVIEW_PERSONAL_DATA	Pépinières et hôtels d'entreprises sur le territoire de la CU Caen la mer	Communauté urbaine de Caen la mer	lov2	2	2	11		aucun signal direct dans les noms et échantillons inspectés
615bcdd729be9185b3b0681a	HOLD	REVIEW_PERSONAL_DATA	Liste des objets protégés au titre des Monuments historiques	Ministère de la Culture	fr-lo	1	1	1	address,phone	signal direct à examiner : address,phone
616d6531c2951bbe8bd97771	HOLD	REVIEW_PERSONAL_DATA	Parcelles en Agriculture Biologique (AB) déclarées à la PAC	Agence Bio	lov2	96	20	1	contact,partial_file_sample	signal direct à examiner : contact,partial_file_sample
6176785207139a929a2776fe	HOLD	REVIEW_REQUIRED	Projets financés par les dotations de soutien à l'investissement des collectivités territoriales	Direction générale des collectivités locales	lov2	8	8	8	address,phone	signal direct à examiner : address,phone
617a213b6169cf65304a1318	HOLD	REVIEW_REQUIRED	Projets de production de gaz renouvelable et bas carbone par pyrogazeification pour injection dans les réseaux gaziers	Open Data Réseaux Énergies	lov2	7	7	5	contact	signal direct à examiner : contact
61816c6e23197bb34835228e	APPROVE	REVIEW_PERSONAL_DATA	Logements vacants du parc privé par commune, département, région, France, de 2020 à 2026	Ministère de la Transition écologique	lov2	6	6	15		aucun signal direct dans les noms et échantillons inspectés
61892a26c94e39bde1dbf7ac	HOLD	REVIEW_REQUIRED	Sites référencés dans Cartofriches	Cerema	lov2	2	2	1	contact	signal direct à examiner : contact
618bbfa6adc9cbcdf94a1318	HOLD	REVIEW_PERSONAL_DATA	Émissions de CO2 consolidées par pays du groupe EDF	Electricité de France	lov2	2	2	2	contact,phone	signal direct à examiner : contact,phone
619c677ba67b35c0e95506cd	APPROVE	REVIEW_REQUIRED	Indicateur Prospectif de Gaz Renouvelable - Dynamique engagée à la maille EPCI	Open Data Réseaux Énergies	lov2	8	8	5		aucun signal direct dans les noms et échantillons inspectés
619f5f9c38e27e934733e60b	APPROVE	REVIEW_PERSONAL_DATA	Données de surveillance de la COVID-19 dans les Établissements Sociaux et Médico-Sociaux (ESMS)	Santé publique France	lov2	2	2	2		aucun signal direct dans les noms et échantillons inspectés
61a92b5148113b5780a01cfb	HOLD	REVIEW_PERSONAL_DATA	Annuaire des exploitations certifiées « Haute Valeur Environnementale »	Ministère de l'Agriculture, de l'agro-alimentaire et de la souveraineté alimentaire	lov2	3	3	21	address,email	signal direct à examiner : address,email
61aa0bd25c40b31e464ed799	APPROVE	REVIEW_PERSONAL_DATA	SLA - Bibliothèques & médiathèques	Saint-Louis Agglomération	lov2	4	4	3		aucun signal direct dans les noms et échantillons inspectés
61aa0bd2c564b431e34ed799	HOLD	REVIEW_PERSONAL_DATA	"SLA - Base SIRENE - Etablissements ""actifs"""	Saint-Louis Agglomération	lov2	4	4	3	address,first_name	signal direct à examiner : address,first_name
61b149402e4e55ff50993393	APPROVE	REVIEW_REQUIRED	SLA - Annuaire des métiers de la collectivité	Saint-Louis Agglomération	lov2	2	2	2		aucun signal direct dans les noms et échantillons inspectés
61b4226ca5919d3b718b8e9e	HOLD	REVIEW_REQUIRED	Catalogue des données du ministère de la Culture	Ministère de la Culture	lov2	4	4	4	address,contact,email,first_name,phone	signal direct à examiner : address,contact,email,first_name,phone
61c26ac39bd57502b58b8e9e	HOLD	REVIEW_PERSONAL_DATA	SLA - Annuaire des professionnels de santé	Saint-Louis Agglomération	lov2	4	4	3	address,first_name,phone	signal direct à examiner : address,first_name,phone
61c9fdfa3f81d47b9db36bd9	HOLD	REVIEW_REQUIRED	Liste des Simulateurs développés par la DILA - Service-public.fr	Premier ministre	fr-lo	2	2	1	health_id	signal direct à examiner : health_id
61d5bd6fd8fa52f2c3c19243	APPROVE	REVIEW_REQUIRED	Référentiel de rémunération des 56 métiers de la filière numérique et des systèmes d'information et communication (janvier 2022)	Direction interministérielle du numérique	lov2	2	2	1		aucun signal direct dans les noms et échantillons inspectés
61d5e2d372a52d9f9411ff88	APPROVE	REVIEW_PERSONAL_DATA	Géolocalisation des établissements du répertoire SIRENE-pour les études statistiques	Institut national de la statistique et des études économiques (Insee)	lov2	3	3	0		aucun signal direct dans les noms et échantillons inspectés
61dc6f4a673f9b5ffe0c29c1	HOLD	REVIEW_REQUIRED	Données RPLS par IRIS et par QPV.	Ithéa Conseil	lov2	1	1	11	health_id	signal direct à examiner : health_id
61dc7157488f8cdb4283e3c3	HOLD	REVIEW_PERSONAL_DATA	Base de données nationale des bâtiments  	Centre Scientifique et Technique du Batiment	lov2	5	5	11	address,contact	signal direct à examiner : address,contact
621df2954fa5a3b5a023e23c	APPROVE	REVIEW_PERSONAL_DATA	Bases statistiques communale, départementale et régionale de la délinquance enregistrée par la police et la gendarmerie nationales 	Ministère de l'intérieur	lov2	11	11	13		aucun signal direct dans les noms et échantillons inspectés
62225f6a523b5729143b138c	HOLD	REVIEW_PERSONAL_DATA	Référentiel Structure de la plateforme Services Publics Plus de la DITP	Direction Interministérielle de la Transformation Publique	lov2	1	1	1	address	signal direct à examiner : address
62263311ca3d6516043e0c4d	APPROVE	REVIEW_PERSONAL_DATA	La formation aux professions de santé	Ministère des Solidarités et de la Santé	lov2	16	16	100		aucun signal direct dans les noms et échantillons inspectés
62263314072c63d4d53e0c50	APPROVE	REVIEW_PERSONAL_DATA	Accessibilité potentielle localisée (APL) aux professionnels de santé	Ministère des Solidarités et de la Santé	lov2	10	10	61		aucun signal direct dans les noms et échantillons inspectés
62269cde735b9c18e23e0c46	APPROVE	REVIEW_PERSONAL_DATA	Taux d’emploi de travailleurs handicapés dans la fonction publique, selon les régions	Caisse des Dépôts	lov2	2	2	2		aucun signal direct dans les noms et échantillons inspectés
62355567868a58b8316723e3	APPROVE	REVIEW_REQUIRED	Registre national des installations de production et de stockage d'électricité (au 31/12/2021)	Open Data Réseaux Énergies	lov2	4	4	13		aucun signal direct dans les noms et échantillons inspectés
623847761c49d72dda5a4359	APPROVE	REVIEW_PERSONAL_DATA	Sols argileux et catastrophes naturelles	Cour des comptes	odc-odbl	2	2	14		aucun signal direct dans les noms et échantillons inspectés
623bb50e9e3590664a927462	HOLD	REVIEW_PERSONAL_DATA	Base SIRENE au format v3 sur le territoire de m2A	Mulhouse Alsace Agglomération	lov2	4	4	3	address,first_name,phone	signal direct à examiner : address,first_name,phone
624527b28abc53a3f158ffdc	APPROVE	REVIEW_REQUIRED	Modes d'occupation des sols en Loire-Atlantique	Département de Loire-Atlantique	lov2	4	4	3		aucun signal direct dans les noms et échantillons inspectés
624794b748e3f6291558ffdc	APPROVE	REVIEW_REQUIRED	Occupation du sol 2020 de niveau 3 de Nantes Métropole	Nantes Métropole	odc-odbl	5	5	3		aucun signal direct dans les noms et échantillons inspectés
624fdbbbf68a3666d6fe7af1	HOLD	REVIEW_PERSONAL_DATA	Historique des entreprises RGE depuis 2014	ADEME	lov2	2	2	2	address,contact,email,phone	signal direct à examiner : address,contact,email,phone
62673976b11acf20def11a3b	HOLD	REVIEW_PERSONAL_DATA	Moncompteformation - L'offre de formation	Caisse des Dépôts	lov2	2	2	2	address,contact,email,phone	signal direct à examiner : address,contact,email,phone
627a4f9afb5129f462e70b18	APPROVE	REVIEW_REQUIRED	Recrutement - Primo-entrants titulaires gérés par la Direction des Ressources Humaines du Ministère de l'Intérieur 	Ministère de l'intérieur	lov2	1	1	1		aucun signal direct dans les noms et échantillons inspectés
62846fba5de756c86f902161	HOLD	REVIEW_PERSONAL_DATA	Le baccalauréat par académie	Ministères de l'Éducation nationale	lov2	2	2	2	address	signal direct à examiner : address
6285e9adf8a6866bbd8bddb9	APPROVE	REVIEW_PERSONAL_DATA	Données détaillées de l'enquête mobilité des personnes 2018 - 2019	Mobility	lov2	1	1	10		aucun signal direct dans les noms et échantillons inspectés
628da9fdef366eb8a2c7fd48	HOLD	REVIEW_PERSONAL_DATA	Pensions et secours aux combattants et victimes des révolutions de 1789, 1830 et 1848	Ministère de la Culture	lov2	2	2	2	address,birth,first_name,phone	signal direct à examiner : address,birth,first_name,phone
628e0500943ff94edb9275f9	APPROVE	REVIEW_PERSONAL_DATA	Liste des stations en open-data du réseau météorologique Infoclimat (StatIC) et Météo-France (SYNOP)	Association Infoclimat	lov2	1	1	1		aucun signal direct dans les noms et échantillons inspectés
62b31f7b128643f46ea1f848	APPROVE	REVIEW_PERSONAL_DATA	Pathologies : effectif de patients par pathologie, sexe, classe d'âge et territoire (département, région)	Caisse nationale de l'Assurance Maladie	odc-odbl	2	2	2		aucun signal direct dans les noms et échantillons inspectés
62b31f7b2056861cb4a1f848	APPROVE	REVIEW_PERSONAL_DATA	Pathologies : comorbidités associées à chaque pathologie	Caisse nationale de l'Assurance Maladie	odc-odbl	2	2	2		aucun signal direct dans les noms et échantillons inspectés
62b31f7b56938a09d9538362	APPROVE	REVIEW_PERSONAL_DATA	Pathologies : dépenses remboursées affectées à chaque pathologie	Caisse nationale de l'Assurance Maladie	odc-odbl	2	2	2		aucun signal direct dans les noms et échantillons inspectés
62bb96cdaf45285ea1a1f848	HOLD	REVIEW_PERSONAL_DATA	Moncompteformation - Les formations engagées	Caisse des Dépôts	lov2	2	2	2	phone	signal direct à examiner : phone
62bd63b70ff1edf452b83a6b	HOLD	REVIEW_PERSONAL_DATA	Liste des entreprises RGE	ADEME	lov2	2	2	2	address,contact,email,phone	signal direct à examiner : address,contact,email,phone
62c7daa168ebd3a2212821c5	HOLD	REVIEW_REQUIRED	Liste des infractions en vigueur de la nomenclature NATINF	Ministère de la Justice	lov2	13	13	13	address,contact,first_name,phone	signal direct à examiner : address,contact,first_name,phone
62ccbac9905df8d44cf49333	APPROVE	REVIEW_PERSONAL_DATA	La démographie des professionnels de santé de 1999 à 2011	Ministère des Solidarités et de la Santé	lov2	3	3	2		aucun signal direct dans les noms et échantillons inspectés
62da21021d3f7025e69ef260	HOLD	REVIEW_REQUIRED	Dépenses culturelles des communes	Ministère de la Culture	lov2	3	3	11	address	signal direct à examiner : address
62dfe1518bcb48c2eb805b6d	EXCLUDE	REVIEW_MISSING_FILES	Base Sirene de la Métropole de Lyon	Métropole de Lyon	lov2	0	0	0		aucun fichier local complet à diffuser
62e1fc65d2d57106c20505d1	HOLD	REVIEW_REQUIRED	Infrastructures de réseau de gaz	Agence ORE	lov2	2	2	2	contact	signal direct à examiner : contact
62ec429a7db5aa5196becad5	APPROVE	REVIEW_REQUIRED	Consommations énergétiques 2018 à la parcelle sur le territoire de la Métropole de Lyon	Métropole de Lyon	lov2	1	1	0		aucun signal direct dans les noms et échantillons inspectés
62f188a990e901ca4ff9b486	APPROVE	REVIEW_REQUIRED	Consommations énergétiques 2020 à la parcelle sur le territoire de la Métropole de Lyon	Métropole de Lyon	lov2	1	1	0		aucun signal direct dans les noms et échantillons inspectés
62f81f9782675d6f275b7a94	APPROVE	REVIEW_REQUIRED	Consommations énergétiques 2019 à la parcelle sur le territoire de la Métropole de Lyon	Métropole de Lyon	lov2	1	1	0		aucun signal direct dans les noms et échantillons inspectés
62f81f97d6c7c1703119322f	HOLD	REVIEW_PERSONAL_DATA	Consommations énergétiques 2019 à l'adresse sur le territoire de la Métropole de Lyon	Métropole de Lyon	lov2	1	1	0	address	signal direct à examiner : address
631751d1cf8ce1b8ed7ac644	APPROVE	REVIEW_PERSONAL_DATA	Entreprises installées dans les locaux de la pépinière Delta	Thonon Agglomération	lov2	2	2	10		aucun signal direct dans les noms et échantillons inspectés
6322e99e12175f7eb26ff465	HOLD	REVIEW_REQUIRED	Les offres diffusées sur Choisir le Service Public	Direction Générale de l'Administration et de la Fonction Publique	lov2	9	9	16	address,email,phone	signal direct à examiner : address,email,phone
632b2a8a8bf5b436bed4f8df	APPROVE	REVIEW_PERSONAL_DATA	Arrêts, horaires et circuits des lignes de transports en commun en Pays de la Loire (GTFS Destinéo : réseaux AOM + Aléop)	Région des Pays de la Loire	odc-odbl	4	4	18		aucun signal direct dans les noms et échantillons inspectés
633456de3d2706f38b296285	HOLD	REVIEW_REQUIRED	Données de l’utilisation domestique de pesticides de l’étude Pesti’home	Agence nationale de sécurité sanitaire, de l'alimentation, de l'environnement et du travail (Anses)	fr-lo	8	8	6	phone	signal direct à examiner : phone
63478da8b4c219a0cf8c0d3a	APPROVE	REVIEW_PERSONAL_DATA	Indices de position sociale des écoles (2016-2021)	Ministères de l'Éducation nationale	lov2	3	3	12		aucun signal direct dans les noms et échantillons inspectés
6349fab2bd7ea72afeeacfa4	HOLD	REVIEW_PERSONAL_DATA	Base SIRENE - Région Bretagne	Région Bretagne	lov2	4	4	3	address,first_name,phone	signal direct à examiner : address,first_name,phone
63587afb1cc488641390f68e	HOLD	REVIEW_REQUIRED	Centrales de production thermique à flamme d'EDF SA (Fioul, Gaz, Charbon...)	Electricité de France	lov2	4	4	13	contact,phone	signal direct à examiner : contact,phone
635a0251dc41dc073190f690	APPROVE	REVIEW_PERSONAL_DATA	Entreprises : Salariés des secteurs culturels par région	Ministère de la Culture	lov2	2	2	2		aucun signal direct dans les noms et échantillons inspectés
635a0252f931c40e6390f68f	APPROVE	REVIEW_REQUIRED	Emploi : Professions culturelles par zone d'emploi	Ministère de la Culture	lov2	2	2	2		aucun signal direct dans les noms et échantillons inspectés
637baca3c1db3fc89cdab1b4	HOLD	REVIEW_PERSONAL_DATA	Mairies et Hôtels de Ville des 16 Communes de Grand Paris Sud Est Avenir	Grand Paris Sud Est Avenir	fr-lo	3	3	3	contact	signal direct à examiner : contact
637c8ce96878725b7414e0c2	APPROVE	REVIEW_PERSONAL_DATA	Les établissements des services de police municipale et de police nationale sur le territoire de Grand Paris Sud Est Avenir	Grand Paris Sud Est Avenir	fr-lo	1	1	1		aucun signal direct dans les noms et échantillons inspectés
6380aad4474d0548142034d8	HOLD	REVIEW_PERSONAL_DATA	Cadastre solaire de la Savoie	DEPARTEMENT DE LA SAVOIE	cc-by	7	7	3	address	signal direct à examiner : address
6392017edf7251532fda4bab	APPROVE	REVIEW_REQUIRED	Liste des juridictions compétentes pour les communes de France	Ministère de la Justice	lov2	4	4	3		aucun signal direct dans les noms et échantillons inspectés
63a0368afe0e9c47c3bbde9d	APPROVE	REVIEW_PERSONAL_DATA	Données de vaccination relatives aux professionnels de santé exerçant dans un établissement de santé	Santé publique France	lov2	5	5	5		aucun signal direct dans les noms et échantillons inspectés
63a4384a1b57813fbca80dc8	APPROVE	REVIEW_PERSONAL_DATA	Dépenses et recettes de l'Assurance chômage	Unédic	lov2	2	2	2		aucun signal direct dans les noms et échantillons inspectés
63a4384ab7505d95e39dde9a	APPROVE	REVIEW_REQUIRED	Indicateurs de suivi de l'Assurance chômage - par département	Unédic	lov2	4	4	3		aucun signal direct dans les noms et échantillons inspectés
63bce30c70d6d100b09dde9a	HOLD	REVIEW_PERSONAL_DATA	Indices de position sociale des lycées (2016-2021)	Ministères de l'Éducation nationale	lov2	3	3	12	address	signal direct à examiner : address
63ce580d323b6878eca82ae4	APPROVE	REVIEW_PERSONAL_DATA	Répertoire des logements locatifs des bailleurs sociaux (RPLS) 2021	Ithéa Conseil	lov2	2	2	11		aucun signal direct dans les noms et échantillons inspectés
63d39bed60f4dd87a77f325b	HOLD	REVIEW_REQUIRED	Enquête Num - Enquête nationale sur les usages numériques des collectivités territoriales	Agence nationale de la cohésion des territoires	lov2	1	1	1	address,contact,email,first_name	signal direct à examiner : address,contact,email,first_name
63f55b10c75df20987c98e1b	HOLD	REVIEW_REQUIRED	Capacités solaires installées d'EDF power solutions	Electricité de France	lov2	2	2	2	contact,phone	signal direct à examiner : contact,phone
6405e3f2181d0f673cac60d7	APPROVE	REVIEW_REQUIRED	Consommation d'espaces naturels, agricoles et forestiers du 1er janvier 2009 au 1er janvier 2021 COENAF 2009-2021	Cerema	lov2	8	8	1		aucun signal direct dans les noms et échantillons inspectés
64062266e9fd809db3246d1c	APPROVE	REVIEW_REQUIRED	Archives des saisons passées à l'Opéra National de Bordeaux	Opéra National de Bordeaux	lov2	17	17	17		aucun signal direct dans les noms et échantillons inspectés
640924e6090056da2430406a	APPROVE	REVIEW_PERSONAL_DATA	Causes de décès	Ministère des Solidarités et de la Santé	lov2	5	5	41		aucun signal direct dans les noms et échantillons inspectés
6417a853699eddff29014c0a	APPROVE	REVIEW_REQUIRED	Conseiller numérique France Services - Nombre d'accompagnements	Agence nationale de la cohésion des territoires	lov2	3	3	3		aucun signal direct dans les noms et échantillons inspectés
6425dda513316bf1ecaf7e4a	APPROVE	REVIEW_REQUIRED	GTFS - Transport - Via Strada	Collectivité de Corse	lov2	2	2	9		aucun signal direct dans les noms et échantillons inspectés
6425def83ddb5f9cfd9652b2	APPROVE	REVIEW_REQUIRED	GTFS -Transport - horaires chemins de fer Corse	Collectivité de Corse	lov2	1	1	10		aucun signal direct dans les noms et échantillons inspectés
64265b673eb38d94e6538672	APPROVE	REVIEW_PERSONAL_DATA	Indices de position sociale dans les lycées (2022)	Ministères de l'Éducation nationale	lov2	3	3	12		aucun signal direct dans les noms et échantillons inspectés
64377e959b978c3f19538672	APPROVE	REVIEW_REQUIRED	Registre national des installations de production et de stockage d'électricité (au 31/12/2022)	Open Data Réseaux Énergies	lov2	4	4	13		aucun signal direct dans les noms et échantillons inspectés
6455d121686917088af10162	APPROVE	REVIEW_PERSONAL_DATA	Indicateurs de valeur ajoutée des collèges	Ministères de l'Éducation nationale	lov2	5	5	2		aucun signal direct dans les noms et échantillons inspectés
646491d18b36cfe7da2c4232	EXCLUDE	REVIEW_MISSING_FILES	Données Sols issues du projet Terra OccitanIA	Occitanie Pyrénées en Intelligence Géomatique	lov2	0	0	0		aucun fichier local complet à diffuser
6470b39cfbad66b8c265ada3	EXCLUDE	REVIEW_MISSING_FILES	Donnée Sécheresse - Propluvia	Ministère de la Transition écologique	lov2	0	0	0		aucun fichier local complet à diffuser
648095c7842d021d1a5b380e	HOLD	REVIEW_REQUIRED	Tourisme et hébergement touristique - Equipements et services	Brest métropole	lov2	4	4	4	address,contact,phone	signal direct à examiner : address,contact,phone
648096d1c0887c22a8495888	APPROVE	REVIEW_PERSONAL_DATA	Sirènes d'alerte	Brest métropole	lov2	3	3	3		aucun signal direct dans les noms et échantillons inspectés
648096d32697b64f06b9186c	HOLD	REVIEW_PERSONAL_DATA	Périmètre de portée des sirènes d'alerte	Brest métropole	lov2	3	3	3	contact	signal direct à examiner : contact
64a3e3ab22a67ba76e06b1a6	HOLD	REVIEW_REQUIRED	Qualité des réseaux en fibre optique	Autorité de régulation des communications électroniques, des postes et de la distribution de la presse (ARCEP)	lov2	1	1	1	phone	signal direct à examiner : phone
